speciesname,adoption_events,recorded_return_events,recorded_return_pct
Bird,26,0,0.0
Cat,3241,220,6.788028386300525
Chicken,3,0,0.0
Chinchilla,2,0,0.0
Dog,2170,376,17.327188940092167
Ferret,3,0,0.0
Fish,6,0,0.0
Gerbil,10,0,0.0
Goat,1,0,0.0
Guinea Pig,82,0,0.0
Hamster,1,0,0.0
Hedgehog,8,0,0.0
House Rabbit,144,20,13.88888888888889
Livestock,11,0,0.0
Lizard,4,0,0.0
Mouse,5,1,20.0
Pig,5,1,20.0
Rat,79,8,10.126582278481013
Snake,2,0,0.0
Sugar Glider,3,0,0.0
Tarantula,1,0,0.0
Tortoise,1,0,0.0
Turtle,1,0,0.0
Wildlife,1,0,0.0
