recorded_reason,return_events
Incompatible with owner lifestyle,276
Stray,89
Moving,42
Incompatible with other pets,31
Return Adopt - Behavior,24
Allergies,23
Return adopt - lifestyle issue,22
Biting,22
Return Adopt - Other,15
Landlord issues,15
Unsuitable Accommodation,14
Rabies Monitoring,9
Unable to Afford,8
Sick/Injured,8
Behavioral Issues,6
Transfer from Other Shelter,5
Police Assist,4
Marriage/Relationship split,3
Owner requested Euthanasia,3
Abandoned,3
DOA,2
Owner Deceased,1
Return Adopt - Animal Health,1
