state,year,species,Gross Intakes,Community Intakes,Gross Outcomes,Stray at Large,Relinquished by Owner,Seized,Other Intakes,Transferred In,Adoption,Return to Owner,Return to Field,Other Live Outcomes,Transferred Out,Shelter Euthanasia,Died in Care,Lost in Care,org_count
AK,2024,Dog,10615,9454,10444,5244,3165,464,581,1161,5036,2547,10,121,1371,1284,66,11,43
AK,2025,Dog,11147,9686,10821,5331,2932,467,956,1461,5039,1900,14,825,1892,1055,77,18,43
AL,2024,Dog,90182,76916,88017,44488,21480,3430,7519,13266,43658,12593,83,2169,16062,12223,1054,177,223
AL,2025,Dog,86878,73900,84940,42103,22194,3726,5878,12978,42531,12297,89,2051,15418,11441,827,286,223
AR,2024,Dog,64653,52216,62981,30353,15517,2431,3916,12437,34985,9726,80,890,11093,5408,691,108,203
AR,2025,Dog,58425,47235,57288,27184,14102,2254,3695,11190,32012,8610,167,808,9731,5177,610,172,203
AZ,2024,Dog,100099,84809,98203,50611,22380,4836,6981,15291,63685,13173,377,1461,11100,7292,984,131,375
AZ,2025,Dog,97820,82640,96188,47516,23404,4936,6785,15179,63427,12523,555,946,10371,7207,934,225,375
CA,2024,Dog,447945,374341,436663,244423,88546,15688,25686,73603,241454,68111,379,9430,64750,47583,4167,791,1611
CA,2025,Dog,461857,377848,450998,235826,96805,16758,28458,84009,252586,67642,570,7898,71611,44630,4595,1465,1611
CO,2024,Dog,100534,82667,95506,41154,28155,3145,10213,17868,50284,21670,40,4903,9923,8048,547,91,272
CO,2025,Dog,96345,78299,92426,37007,28717,2963,9612,18046,50271,19559,58,4939,9884,6970,538,208,272
CT,2024,Dog,59241,51102,58240,32738,11788,2878,3698,8138,29379,10122,119,1170,10113,6593,615,130,212
CT,2025,Dog,49977,41800,49056,26042,10144,2372,3241,8177,25484,8195,109,974,8456,5182,496,160,212
DC,2024,Dog,10103,9205,10171,6081,1920,177,1027,898,5374,2248,1,59,1220,1190,73,7,13
DC,2025,Dog,4213,2843,4780,1228,1111,134,370,1370,3208,588,0,49,546,345,33,11,13
DE,2024,Dog,7642,5120,7606,2428,2068,220,404,2522,5379,915,2,82,654,504,63,7,38
DE,2025,Dog,7584,5179,7464,2261,2319,220,379,2404,5358,879,1,67,646,438,59,18,38
FL,2024,Dog,189079,145693,190621,75857,48452,7785,13600,43385,121653,22799,90,4765,26127,13278,1730,180,798
FL,2025,Dog,180710,136473,183995,68207,48866,6709,12690,44237,120165,21485,91,4250,23929,11874,1675,525,798
GA,2024,Dog,123780,100546,121264,56833,28763,6572,8378,23234,66477,16537,144,2130,22691,11730,1355,200,403
GA,2025,Dog,116545,93644,117120,51793,28411,5506,7935,22901,65763,15742,122,1998,21302,10546,1251,396,403
GU,2024,Dog,500,448,493,269,118,28,33,52,253,111,0,9,61,54,4,1,1
GU,2025,Dog,482,426,479,248,120,29,29,56,250,107,0,6,60,51,4,1,1
HI,2024,Dog,13354,11753,13850,7494,3768,115,376,1601,8117,2611,2,140,845,2028,98,9,31
HI,2025,Dog,13519,11738,13708,7498,3420,196,625,1780,8133,2498,2,421,802,1731,96,24,31
IA,2024,Dog,32142,26261,31098,14586,8706,1222,1747,5881,18225,6835,21,349,2947,2459,231,30,103
IA,2025,Dog,28085,23557,27732,12582,8287,1243,1445,4528,16452,5929,17,259,2590,2242,198,45,103
ID,2024,Dog,26859,22639,26954,12521,6016,2635,1467,4220,14606,6829,21,564,2892,1799,208,36,86
ID,2025,Dog,25982,21511,25657,11839,6411,1915,1346,4471,13900,6716,21,466,2720,1590,189,57,86
IL,2024,Dog,78765,53680,79377,25516,21019,3138,4007,25085,53104,8654,136,870,9301,6410,814,86,411
IL,2025,Dog,77587,51352,79715,24069,20543,2631,4109,26235,53446,8670,145,956,9119,6229,806,345,411
IN,2024,Dog,63674,51761,63222,27945,16208,3144,4463,11913,36821,11381,51,1297,7487,5549,556,80,266
IN,2025,Dog,63735,51702,63302,28074,16715,3096,3816,12033,36979,11167,56,822,8068,5452,590,168,266
KS,2024,Dog,58555,48948,56152,30292,13282,2528,2846,9607,29712,11329,73,867,7892,5723,467,88,163
KS,2025,Dog,57206,47207,55873,28445,13389,2588,2784,9999,29830,11251,75,726,7652,5481,760,96,163
KY,2024,Dog,80635,70625,78842,41445,21340,3128,4712,10009,40011,13612,129,1038,14324,8788,814,125,242
KY,2025,Dog,76191,66129,75418,37823,20939,2997,4371,10062,38762,12722,128,931,13727,8255,717,175,242
LA,2024,Dog,70087,62011,66515,37028,14392,6891,3700,8076,30810,10061,77,771,14177,9737,753,129,201
LA,2025,Dog,68486,59501,66902,33455,14784,7215,4047,8985,31814,10184,94,947,13008,9955,702,199,201
MA,2024,Dog,21864,12965,21768,4820,5793,370,1982,8899,15852,2155,8,219,2129,1233,158,14,159
MA,2025,Dog,21665,12514,22314,4259,5739,350,2166,9151,15829,2190,5,231,2540,1242,191,85,159
MD,2024,Dog,39736,31692,38836,15195,9667,1246,5583,8044,22808,5936,28,524,5319,3877,304,41,203
MD,2025,Dog,35328,28052,35366,12422,8873,1183,5575,7275,20806,5104,28,497,5066,3457,294,115,203
ME,2024,Dog,8002,5266,7916,1842,2384,237,804,2736,5490,1464,1,100,481,321,55,4,55
ME,2025,Dog,7275,5048,7353,1917,2470,213,448,2228,5245,1248,0,64,452,273,46,26,55
MI,2024,Dog,65741,53071,62683,29903,15480,1691,5996,12670,35370,9795,43,2107,7376,7282,519,190,341
MI,2025,Dog,67465,53091,66466,29138,16419,1509,6025,14374,37313,10416,90,1868,8451,7397,560,371,341
MN,2024,Dog,62884,48171,61541,25843,15469,3174,3685,14713,37409,9927,50,793,7394,5417,468,83,245
MN,2025,Dog,62981,46951,62092,23975,16280,3241,3455,16030,36937,9942,41,721,8816,4982,510,143,245
MO,2024,Dog,109157,94490,107079,55058,25392,8277,5763,14667,58914,19345,153,1554,14776,11125,1024,186,334
MO,2025,Dog,97263,82600,96752,47116,22838,7680,4966,14662,53842,16947,152,1336,13540,9860,858,218,334
MS,2024,Dog,43696,34535,41368,19790,10225,1944,2577,9160,21004,5382,57,518,9906,3937,497,67,124
MS,2025,Dog,40836,32487,40191,18261,9931,1933,2362,8349,20806,5337,37,461,9171,3785,436,158,124
MT,2024,Dog,18874,16591,18823,9257,4814,618,1902,2283,9799,4934,12,1248,1709,985,106,29,60
MT,2025,Dog,18556,15951,18187,8456,4970,574,1950,2606,9811,4410,12,1107,1757,922,121,48,60
NC,2024,Dog,113192,91146,110080,51572,26758,5215,7601,22046,64343,15665,79,1240,16117,11424,1040,172,461
NC,2025,Dog,107437,84975,108666,46040,26685,5589,6661,22462,64223,14728,91,1216,15925,11077,1058,348,461
ND,2024,Dog,8632,7131,8351,3849,2281,315,686,1501,4743,1287,10,116,1461,636,88,12,35
ND,2025,Dog,8356,7091,8300,3799,2163,326,803,1265,4872,1367,11,114,1202,630,82,23,35
NE,2024,Dog,31862,28725,31418,18114,7221,1669,1721,3137,16392,7433,35,403,3643,3215,249,47,105
NE,2025,Dog,30778,27453,30772,16531,7595,1678,1649,3325,16684,7106,35,359,3439,2845,247,58,105
NH,2024,Dog,7027,4258,7068,1454,1968,235,601,2769,5112,1069,1,72,501,246,64,2,54
NH,2025,Dog,7751,4507,7821,1315,2202,251,739,3244,5725,1094,1,95,536,280,59,32,54
NJ,2024,Dog,52067,35656,51728,19739,11063,1245,3608,16412,33430,6970,38,706,6642,3265,608,69,383
NJ,2025,Dog,48280,32710,48045,17484,10596,1094,3536,15571,30787,6378,43,682,6421,2932,613,189,383
NM,2024,Dog,63823,58020,61717,34894,16143,3810,3173,5803,28838,10829,50,865,10246,10148,640,100,118
NM,2025,Dog,58433,52697,57060,30164,15590,4216,2727,5737,27271,10321,43,491,9593,8324,865,151,118
NV,2024,Dog,49109,42082,47124,24821,10224,4594,2443,7027,23161,11231,22,483,7398,4376,357,95,138
NV,2025,Dog,47727,39640,47112,22841,10528,4334,1938,8087,24285,10564,19,423,7241,3899,444,237,138
NY,2024,Dog,91943,64779,90299,32209,22509,2695,7366,27163,59052,11067,51,1166,11936,6070,861,95,597
NY,2025,Dog,89290,61701,86708,28554,22901,2440,7806,27589,57473,10073,44,1143,11248,5482,934,310,597
OH,2024,Dog,104864,77560,104335,41636,23096,4133,8695,27304,68360,13690,45,2121,11226,7739,1029,126,427
OH,2025,Dog,86370,64751,88147,34751,21012,3344,5645,21619,58030,11902,63,971,9010,7067,838,265,427
OK,2024,Dog,81717,71760,80832,46629,16507,4297,4327,9957,40549,12657,152,1812,13936,10500,938,288,250
OK,2025,Dog,77767,67289,79575,42173,16203,3487,5426,10478,39917,12447,350,1783,14657,9266,888,267,250
OR,2024,Dog,41083,30145,40783,17493,8979,1759,1914,10938,24878,8624,24,377,4039,2529,268,44,184
OR,2025,Dog,44374,31370,43762,17232,10052,1801,2285,13004,27596,8409,26,435,4348,2507,318,123,184
PA,2024,Dog,80929,57434,79745,28505,21400,2914,4615,23495,55099,9475,23,811,8297,5265,724,50,467
PA,2025,Dog,83952,59872,83819,28730,23417,2558,5166,24080,57614,9847,14,784,8725,5175,1406,255,467
PR,2024,Dog,3696,3046,3770,1747,838,316,145,650,2368,151,2,114,406,577,148,3,10
PR,2025,Dog,3617,3070,3451,1831,861,86,291,548,2371,116,2,86,337,361,162,15,10
RI,2024,Dog,6933,5426,6914,2972,1764,300,389,1507,3909,1269,8,98,984,563,75,9,55
RI,2025,Dog,6485,4911,6573,2691,1611,265,345,1573,3843,1110,10,97,829,562,105,16,55
SC,2024,Dog,72236,60131,70160,35404,17242,2190,5296,12105,37657,8697,54,1020,15054,6789,757,132,224
SC,2025,Dog,75683,61621,73430,34871,18768,2385,5597,14063,40339,8604,46,1031,15054,7354,782,221,224
SD,2024,Dog,11589,10336,11363,5900,3124,574,738,1253,6118,2135,12,185,1704,1100,91,19,42
SD,2025,Dog,10925,9477,10638,5164,3020,751,541,1448,5847,2162,11,132,1418,957,84,28,42
TN,2024,Dog,114501,87900,105324,47184,27864,3900,8952,26601,60057,13829,125,2356,18391,9244,1190,133,367
TN,2025,Dog,109983,85047,102283,43772,27401,4377,9498,24936,58032,13428,137,2464,17455,9262,1111,394,367
TX,2024,Dog,461042,386557,454824,248128,91389,19996,27043,74485,232990,67655,1616,7762,88239,48421,6458,1684,1195
TX,2025,Dog,452678,373375,449295,235213,89354,19393,29416,79303,229432,68335,987,7258,88796,45657,5766,1552,1195
UT,2024,Dog,35874,30038,35284,17347,7975,2070,2645,5836,18813,8490,36,578,4596,2464,267,39,136
UT,2025,Dog,37082,31317,36230,16954,9170,2188,3006,5765,19568,8421,41,512,4708,2551,336,91,136
VA,2024,Dog,78277,54920,78894,28401,18794,2120,5605,23356,49181,11966,52,858,10010,6045,695,87,374
VA,2025,Dog,78834,53758,80592,27118,19085,2194,5361,25076,51118,11570,60,966,10231,5638,714,295,374
VI,2024,Dog,1118,1088,1283,628,396,45,20,29,362,66,9,13,598,212,20,4,3
VI,2025,Dog,855,820,764,439,306,49,25,36,330,42,1,15,248,108,15,5,3
VT,2024,Dog,4696,2807,4911,877,1524,39,368,1889,3727,333,1,68,483,250,44,3,47
VT,2025,Dog,4994,2942,5111,852,1589,45,456,2053,3918,311,1,104,500,195,52,30,47
WA,2024,Dog,55249,43073,54683,25619,12524,2074,2856,12176,34074,10354,66,451,5303,3870,446,119,262
WA,2025,Dog,55820,42472,55485,23734,14270,1800,2669,13347,35769,9096,30,482,5653,3857,437,162,262
WI,2024,Dog,42832,31824,40684,17131,11255,1285,2152,11009,24219,8759,10,728,3447,3285,220,15,183
WI,2025,Dog,43671,33059,41885,16442,13167,1231,2219,10612,25229,8826,7,719,3666,3146,224,69,183
WV,2024,Dog,23275,18307,22972,10942,5425,840,1101,4968,12212,3012,20,241,5642,1572,245,28,89
WV,2025,Dog,23013,17623,23030,9981,5642,875,1126,5390,11922,2972,22,305,5965,1530,265,48,89
WY,2024,Dog,14580,12844,14491,7926,3435,673,810,1736,7353,3605,20,183,1871,1323,113,22,50
WY,2025,Dog,14228,12488,14213,7464,3583,698,744,1740,7356,3519,20,183,1782,1227,106,20,50
AK,2024,Cat,9644,9037,9096,5805,2513,145,574,607,5642,528,490,124,917,1165,209,23,43
AK,2025,Cat,8974,8496,8283,5594,2128,158,617,478,5016,312,516,390,761,1033,231,24,43
AL,2024,Cat,51309,46638,49095,28683,12709,812,4434,4671,28942,1280,4114,1312,5630,6147,1517,153,223
AL,2025,Cat,56223,50186,54641,31599,14244,859,3484,6036,32791,1479,4237,1120,6375,6850,1545,243,223
AR,2024,Cat,41690,34142,39404,21494,9134,634,2881,7548,23645,1081,3022,663,6783,3013,1093,104,203
AR,2025,Cat,36649,31315,35060,19585,8649,593,2487,5335,20960,989,2619,777,5569,2891,1100,156,203
AZ,2024,Cat,74238,64509,72808,35861,20115,1427,7106,9730,48521,1858,5695,1485,5672,7253,2228,95,375
AZ,2025,Cat,79080,68210,77545,36899,21814,1579,7919,10870,51994,1855,6350,1117,6064,7632,2154,379,375
CA,2024,Cat,393573,339086,388703,233366,76382,4545,24793,54487,246302,11246,25294,8048,41420,43176,11667,1550,1611
CA,2025,Cat,407778,351301,399629,237305,83415,4825,25757,56476,251524,13057,25057,6495,44149,44871,12045,2430,1611
CO,2024,Cat,77766,64807,74300,34755,21276,1006,7770,12959,49824,3725,5860,1752,6124,5603,1342,71,272
CO,2025,Cat,78373,64486,73229,34186,22189,990,7122,13887,48823,3434,5064,1761,6955,5701,1346,144,272
CT,2024,Cat,54353,50750,52366,34734,10597,1232,4188,3603,26874,1920,6479,1306,8087,5934,1546,221,212
CT,2025,Cat,41321,37737,40521,25205,8510,858,3163,3585,21793,1446,4208,970,6165,4543,1208,188,212
DC,2024,Cat,9377,8482,9445,5548,2319,58,557,895,7066,344,520,67,378,830,233,7,13
DC,2025,Cat,6394,4654,6084,2537,1665,94,358,1740,4600,166,293,75,412,396,134,9,13
DE,2024,Cat,11962,9977,11935,6195,3139,73,570,1986,9561,213,372,92,847,487,353,10,38
DE,2025,Cat,11690,9509,11584,5070,3738,87,614,2182,9371,274,383,93,610,501,300,51,38
FL,2024,Cat,245970,213849,242212,144479,50642,2574,16153,32121,143936,5666,36886,4534,27786,16911,6126,366,798
FL,2025,Cat,244756,210904,243874,139141,53622,2976,15164,33853,151123,5559,30976,3986,27242,17828,6278,882,798
GA,2024,Cat,100966,82802,98960,45791,28645,1550,6816,18164,61684,2539,5194,3016,16869,6300,3145,214,403
GA,2025,Cat,97070,80396,98668,46276,26414,1236,6470,16674,62521,2656,5215,3258,14796,6526,3240,455,403
GU,2024,Cat,412,372,393,229,108,8,27,40,258,14,28,8,38,35,10,1,1
GU,2025,Cat,384,344,368,208,106,8,22,41,244,15,26,7,35,32,10,1,1
HI,2024,Cat,14958,13864,15048,10843,2720,31,270,1094,8525,679,1040,107,1177,3131,340,49,31
HI,2025,Cat,13947,13044,13947,10548,2173,27,297,903,8064,721,1121,105,827,2762,301,45,31
IA,2024,Cat,38513,35283,37354,21823,10522,662,2276,3230,25630,1466,2327,738,2681,3201,1254,58,103
IA,2025,Cat,36091,33164,35495,19973,10483,711,1997,2927,24772,1322,2282,644,2315,3050,1046,64,103
ID,2024,Cat,26312,23951,25663,16051,5898,312,1690,2361,16692,1390,2831,732,1604,1611,752,51,86
ID,2025,Cat,26308,23445,25697,15552,6135,297,1461,2863,16844,1687,2614,627,1760,1461,626,78,86
IL,2024,Cat,82681,64892,82214,33782,23488,1952,5669,17789,59142,1932,3879,792,7853,5990,2455,172,411
IL,2025,Cat,86501,67101,88009,34462,25595,1466,5579,19400,64187,2175,4446,891,7266,6195,2409,440,411
IN,2024,Cat,76494,66841,73824,40101,19513,1502,5726,9653,49254,2137,4916,1353,7416,6098,2545,105,266
IN,2025,Cat,80599,70773,78511,43405,21118,1744,4506,9826,51652,2326,4957,1182,8164,7245,2659,325,266
KS,2024,Cat,47843,40967,45574,24181,13219,786,2781,6875,28800,1413,3323,754,5722,4122,1317,123,163
KS,2025,Cat,46248,39721,45452,23015,13216,820,2670,6527,28770,1427,3117,686,5762,4027,1524,138,163
KY,2024,Cat,67043,58903,64348,35788,18373,869,3873,8140,37635,1744,6494,972,8775,6697,1882,148,242
KY,2025,Cat,65817,57812,63576,35013,17920,909,3969,8004,36937,1933,6503,992,8316,6926,1766,204,242
LA,2024,Cat,61817,57272,58628,40538,9800,3210,3724,4546,28571,2511,11631,944,7622,5226,1946,178,201
LA,2025,Cat,64094,59085,63182,40650,10809,3970,3657,5009,31330,1680,12325,1150,7833,6458,2137,270,201
MA,2024,Cat,35532,24232,34185,11206,10872,207,1948,11299,28017,970,1060,172,1889,1485,564,28,159
MA,2025,Cat,36553,25200,37277,10982,12267,189,1763,11352,30372,964,996,268,2337,1611,583,147,159
MD,2024,Cat,55747,48416,56375,28638,13660,669,5449,7331,37077,1621,3455,696,7407,4537,1502,79,203
MD,2025,Cat,54676,46984,54897,27363,13582,722,5317,7692,36296,1692,3274,664,7054,4238,1431,247,203
ME,2024,Cat,18551,14582,18853,6110,6844,167,1462,3969,15363,935,389,145,884,683,433,21,55
ME,2025,Cat,16781,13327,17335,5711,6540,108,968,3454,14354,747,367,80,702,576,397,111,55
MI,2024,Cat,77346,67472,71962,37437,23148,660,6226,9874,51380,1865,3800,2647,5473,4714,1980,104,341
MI,2025,Cat,75570,65913,72649,35409,24455,685,5364,9658,53190,1989,3632,1763,5113,4850,1787,325,341
MN,2024,Cat,72850,60868,71603,32562,22044,1753,4508,11982,50265,1982,4665,907,6728,5121,1810,125,245
MN,2025,Cat,78413,65025,79077,33840,25030,1786,4369,13388,55179,2324,4329,961,8913,5192,1923,255,245
MO,2024,Cat,92863,81687,89992,48732,23206,2400,7348,11176,56521,3513,8233,1500,9682,7739,2546,257,334
MO,2025,Cat,91215,80313,90208,46676,24538,2272,6827,10901,57569,3223,7815,1412,9404,7911,2540,334,334
MS,2024,Cat,27529,24218,26077,15041,6795,716,1665,3311,15694,685,2523,478,3772,2008,824,92,124
MS,2025,Cat,27704,23944,26803,14572,6939,564,1869,3760,16211,817,1847,970,3587,2199,960,214,124
MT,2024,Cat,17307,15916,17191,7871,5461,120,2464,1391,11600,788,619,2104,980,759,302,39,60
MT,2025,Cat,16872,15362,16605,7125,5530,194,2514,1509,11288,756,825,1660,981,737,323,34,60
NC,2024,Cat,103551,87934,99893,55641,23753,1997,6542,15617,65761,2457,4756,1935,11758,10056,2873,298,461
NC,2025,Cat,105139,88340,104801,54591,25472,1975,6301,16799,69852,2491,4446,2038,11621,10652,3145,556,461
ND,2024,Cat,9258,7911,9055,5017,1988,141,766,1346,6168,351,604,142,920,637,212,21,35
ND,2025,Cat,10420,8996,10105,5481,2300,167,1047,1424,6919,369,631,143,1000,736,264,43,35
NE,2024,Cat,31486,28431,30437,18832,7064,727,1808,3055,19555,1169,2503,422,2838,3103,779,69,105
NE,2025,Cat,31696,28783,30776,18927,7297,742,1817,2914,19761,1253,2706,408,2835,2913,819,80,105
NH,2024,Cat,14422,10476,14548,4318,5193,132,834,3946,12120,469,324,80,855,353,339,8,54
NH,2025,Cat,13571,9541,13609,3761,4700,97,983,4030,11299,610,296,67,651,301,288,96,54
NJ,2024,Cat,68432,56261,66366,36958,14780,668,3855,12171,45118,1692,3762,711,8477,4416,2063,127,383
NJ,2025,Cat,62276,50961,61815,32685,14079,550,3647,11315,42282,1599,3274,630,7700,3847,2134,350,383
NM,2024,Cat,41551,38049,39374,23327,10374,1556,2792,3501,21988,1161,3965,1109,4985,4957,1120,89,118
NM,2025,Cat,41349,37421,38726,23119,10541,1625,2137,3928,22258,1201,3714,424,4978,4375,1674,103,118
NV,2024,Cat,36840,33003,35412,21092,7735,1808,2369,3837,20778,1441,3143,370,5364,3265,985,67,138
NV,2025,Cat,37637,32737,37441,20414,8712,1777,1834,4900,22985,1387,3016,266,5130,3388,1133,136,138
NY,2024,Cat,122713,99551,120952,55240,35302,1382,7626,23162,88538,3019,6149,1413,12127,6337,3220,149,597
NY,2025,Cat,121342,99383,120866,52597,36201,1229,9356,21958,87186,3041,6562,1717,12413,6149,3172,627,597
OH,2024,Cat,95504,77120,94143,40261,28453,2250,6156,18384,75768,1834,3094,1121,4959,4678,2541,148,427
OH,2025,Cat,90977,74026,91595,39804,27036,1998,5187,16952,73883,1793,3013,684,4473,4916,2413,419,427
OK,2024,Cat,55992,49478,55013,32290,12017,1597,3575,6514,31339,1412,5747,1701,8011,4779,1789,236,250
OK,2025,Cat,53419,47137,53896,30089,11903,1403,3743,6282,30817,1331,5160,1481,8235,4862,1668,342,250
OR,2024,Cat,48171,37795,47558,19670,14906,428,2792,10375,35511,1285,1862,604,5077,2143,1030,47,184
OR,2025,Cat,50313,39791,48226,19864,16388,575,2964,10522,36385,1295,1577,635,4901,2262,1027,143,184
PA,2024,Cat,103062,84540,99972,50620,26555,1990,5375,18522,71426,2110,8198,923,8794,5803,2617,100,467
PA,2025,Cat,106670,88454,104655,52800,28653,1458,5543,18216,73343,2342,9304,1032,9094,5837,3328,375,467
PR,2024,Cat,2007,1967,1878,1161,689,62,54,40,1163,71,93,41,155,208,141,7,10
PR,2025,Cat,1819,1768,1463,1025,662,1,80,51,1026,51,18,42,86,127,105,8,10
RI,2024,Cat,10330,8512,10234,4128,2387,186,1811,1817,6409,299,979,564,1120,594,250,20,55
RI,2025,Cat,9025,7483,9274,3699,2161,114,1508,1542,5950,343,997,304,781,624,244,31,55
SC,2024,Cat,56079,50018,54475,30670,14848,446,4054,6061,32613,1406,7059,785,7474,3176,1777,185,224
SC,2025,Cat,64733,56815,63436,34760,16404,448,5203,7918,39426,1689,7498,1192,7495,3921,1948,266,224
SD,2024,Cat,14733,13420,14134,8250,3890,233,1046,1313,8974,528,1046,271,1781,1133,368,34,42
SD,2025,Cat,13880,12404,12710,7727,3608,294,775,1476,8044,527,732,270,1306,1437,350,43,42
TN,2024,Cat,82504,71395,79703,43880,19652,1092,6772,11109,52346,2361,5426,2612,8454,5714,2616,172,367
TN,2025,Cat,84936,74315,82582,44908,20936,1256,7215,10621,54333,2678,5904,2763,8252,5712,2463,476,367
TX,2024,Cat,384227,315953,317372,201983,80183,5129,28658,68275,180648,8539,28944,6122,51405,28015,11864,1834,1195
TX,2025,Cat,392968,319564,325913,203800,79274,5284,31206,73403,184388,8889,28248,6493,52916,28789,11411,1672,1195
UT,2024,Cat,46098,38259,44629,24025,9425,1349,3460,7839,26452,1625,5267,988,5711,3271,1245,69,136
UT,2025,Cat,47392,41401,46252,24652,10735,1607,4408,5990,26910,1971,5844,1404,5253,3532,1186,153,136
VA,2024,Cat,83051,61981,82534,34185,22366,774,4655,21070,57361,2223,4386,726,10024,5554,2124,137,374
VA,2025,Cat,84238,62842,85455,34356,23464,926,4096,21396,59770,2229,4540,754,9911,5678,2193,381,374
VI,2024,Cat,1533,1521,1685,1231,142,10,138,12,417,23,704,9,307,76,141,8,3
VI,2025,Cat,556,556,728,439,81,29,7,0,451,40,3,6,89,70,48,21,3
VT,2024,Cat,6850,5328,7093,1863,2935,29,501,1522,6144,229,104,42,188,258,123,6,47
VT,2025,Cat,6283,4830,6716,1687,2748,28,368,1452,5779,209,123,35,213,226,109,21,47
WA,2024,Cat,80395,64047,80478,38031,20906,827,4283,16348,61301,2142,3513,639,6573,4271,1846,193,262
WA,2025,Cat,84446,67090,83499,38417,23860,895,3919,17356,63617,2342,3270,647,6592,4678,2077,275,262
WI,2024,Cat,66425,57992,65008,34628,19636,518,3211,8433,47884,3290,2335,934,4140,4815,1574,36,183
WI,2025,Cat,69270,60330,67973,33800,22454,596,3480,8940,50404,3453,2333,1141,4217,4667,1589,168,183
WV,2024,Cat,21113,17685,21192,11276,4965,216,1228,3428,12923,409,1075,227,4504,1289,727,39,89
WV,2025,Cat,21583,17611,22195,11097,5031,198,1285,3972,13237,529,1021,330,4780,1275,927,95,89
WY,2024,Cat,15014,13629,14645,8769,3534,253,1073,1384,9253,677,1084,270,1560,1360,405,36,50
WY,2025,Cat,14591,13109,14345,8332,3591,235,951,1482,9042,612,1081,266,1554,1315,430,45,50
